<?xml version="1.0" encoding="UTF-8"?>
<metadata xml:lang="en"><Esri><CreaDate>20200901</CreaDate><CreaTime>21584500</CreaTime><ArcGISFormat>1.0</ArcGISFormat><SyncOnce>TRUE</SyncOnce><DataProperties><itemProps><itemLocation><linkage Sync="TRUE">file://\\JPGIS\D$\NRS_410\Lab_1_data\Rivers</linkage><protocol Sync="TRUE">Local Area Network</protocol></itemLocation></itemProps><copyHistory><copy source="D:\NRS_410\Data\Rivers" dest="\\JPGIS\D$\NRS_410\Lab_1_data\Rivers" date="20200901" time="21584500"></copy></copyHistory><lineage><Process ToolSource="c:\program files\arcgis\pro\Resources\ArcToolbox\Toolboxes\Data Management Tools.tbx\Copy" Date="20200805" Time="114837">Copy F:\Data\RI\rivers\Streams5k\Rivers.shp D:\NRS_410\Data\Rivers.shp Shapefile #</Process><Process ToolSource="c:\program files\arcgis\pro\Resources\ArcToolbox\Toolboxes\Data Management Tools.tbx\Copy" Date="20200901" Time="215845">Copy D:\NRS_410\Data\Rivers.shp D:\NRS_410\Lab_1_data\Rivers.shp Shapefile #</Process></lineage></DataProperties></Esri></metadata>
