<?xml version="1.0" encoding="UTF-8"?>
<metadata xml:lang="en"><Esri><CreaDate>20210315</CreaDate><CreaTime>23433300</CreaTime><ArcGISFormat>1.0</ArcGISFormat><SyncOnce>FALSE</SyncOnce><DataProperties><itemProps><itemName Sync="TRUE">birds.csv</itemName><imsContentType Sync="TRUE">005</imsContentType><itemLocation><linkage Sync="TRUE">file://\\LTP-MK-TVR\D$\Luba\pythonArcGIS\midterm project\birds.csv</linkage><protocol Sync="TRUE">Local Area Network</protocol></itemLocation><itemSize Sync="TRUE">0.001</itemSize></itemProps><lineage><Process ToolSource="c:\program files\arcgis\pro\Resources\ArcToolbox\toolboxes\Conversion Tools.tbx\TableToTable" Date="20210315" Time="234333">TableToTable birds "D:\Luba\pythonArcGIS\midterm project" birds.csv # "OBJECTID "OBJECTID" true true false 3 Short 0 3,First,#,birds,OBJECTID,-1,-1;RIBI_ID "RIBI_ID" true true false 3 Short 0 3,First,#,birds,RIBI_ID,-1,-1;ACFL "ACFL" true true false 1 Text 0 0,First,#,birds,ACFL,0,1;AMBI "AMBI" true true false 1 Text 0 0,First,#,birds,AMBI,0,1;ABDU "ABDU" true true false 1 Text 0 0,First,#,birds,ABDU,0,1;AMCR "AMCR" true true false 1 Text 0 0,First,#,birds,AMCR,0,1;AMGO "AMGO" true true false 1 Text 0 0,First,#,birds,AMGO,0,1;AGWT "AGWT" true true false 1 Text 0 0,First,#,birds,AGWT,0,1;AMKE "AMKE" true true false 1 Text 0 0,First,#,birds,AMKE,0,1;AMOY "AMOY" true true false 1 Text 0 0,First,#,birds,AMOY,0,1;AMRE "AMRE" true true false 1 Text 0 0,First,#,birds,AMRE,0,1;AMRO "AMRO" true true false 1 Text 0 0,First,#,birds,AMRO,0,1;AMWO "AMWO" true true false 1 Text 0 0,First,#,birds,AMWO,0,1;BANS "BANS" true true false 1 Text 0 0,First,#,birds,BANS,0,1;BARS "BARS" true true false 1 Text 0 0,First,#,birds,BARS,0,1;BAOW "BAOW" true true false 1 Text 0 0,First,#,birds,BAOW,0,1;BEKI "BEKI" true true false 1 Text 0 0,First,#,birds,BEKI,0,1;BLBW "BLBW" true true false 1 Text 0 0,First,#,birds,BLBW,0,1;BAWW "BAWW" true true false 1 Text 0 0,First,#,birds,BAWW,0,1;BBCU "BBCU" true true false 1 Text 0 0,First,#,birds,BBCU,0,1;BCCH "BCCH" true true false 1 Text 0 0,First,#,birds,BCCH,0,1;BCNH "BCNH" true true false 1 Text 0 0,First,#,birds,BCNH,0,1;BTNW "BTNW" true true false 1 Text 0 0,First,#,birds,BTNW,0,1;BLJA "BLJA" true true false 1 Text 0 0,First,#,birds,BLJA,0,1;BGGN "BGGN" true true false 1 Text 0 0,First,#,birds,BGGN,0,1;BWTE "BWTE" true true false 1 Text 0 0,First,#,birds,BWTE,0,1;BWWA "BWWA" true true false 1 Text 0 0,First,#,birds,BWWA,0,1;BOBO "BOBO" true true false 1 Text 0 0,First,#,birds,BOBO,0,1;BWHA "BWHA" true true false 1 Text 0 0,First,#,birds,BWHA,0,1;BRCR "BRCR" true true false 1 Text 0 0,First,#,birds,BRCR,0,1;BRTH "BRTH" true true false 1 Text 0 0,First,#,birds,BRTH,0,1;BHCO "BHCO" true true false 1 Text 0 0,First,#,birds,BHCO,0,1;CAGO "CAGO" true true false 1 Text 0 0,First,#,birds,CAGO,0,1;CAWA "CAWA" true true false 1 Text 0 0,First,#,birds,CAWA,0,1;CARW "CARW" true true false 1 Text 0 0,First,#,birds,CARW,0,1;CAEG "CAEG" true true false 1 Text 0 0,First,#,birds,CAEG,0,1;CEDW "CEDW" true true false 1 Text 0 0,First,#,birds,CEDW,0,1;CERW "CERW" true true false 1 Text 0 0,First,#,birds,CERW,0,1;CSWA "CSWA" true true false 1 Text 0 0,First,#,birds,CSWA,0,1;CHSW "CHSW" true true false 1 Text 0 0,First,#,birds,CHSW,0,1;CHSP "CHSP" true true false 1 Text 0 0,First,#,birds,CHSP,0,1;CLRA "CLRA" true true false 1 Text 0 0,First,#,birds,CLRA,0,1;CLSW "CLSW" true true false 1 Text 0 0,First,#,birds,CLSW,0,1;COBO "COBO" true true false 1 Text 0 0,First,#,birds,COBO,0,1;COGR "COGR" true true false 1 Text 0 0,First,#,birds,COGR,0,1;COMO "COMO" true true false 1 Text 0 0,First,#,birds,COMO,0,1;CONI "CONI" true true false 1 Text 0 0,First,#,birds,CONI,0,1;COTE "COTE" true true false 1 Text 0 0,First,#,birds,COTE,0,1;COYE "COYE" true true false 1 Text 0 0,First,#,birds,COYE,0,1;COHA "COHA" true true false 1 Text 0 0,First,#,birds,COHA,0,1;DCCO "DCCO" true true false 1 Text 0 0,First,#,birds,DCCO,0,1;DOWO "DOWO" true true false 1 Text 0 0,First,#,birds,DOWO,0,1;EABL "EABL" true true false 1 Text 0 0,First,#,birds,EABL,0,1;EAKI "EAKI" true true false 1 Text 0 0,First,#,birds,EAKI,0,1;EAME "EAME" true true false 1 Text 0 0,First,#,birds,EAME,0,1;EAPH "EAPH" true true false 1 Text 0 0,First,#,birds,EAPH,0,1;EASO "EASO" true true false 1 Text 0 0,First,#,birds,EASO,0,1;ETTI "ETTI" true true false 1 Text 0 0,First,#,birds,ETTI,0,1;EAWP "EAWP" true true false 1 Text 0 0,First,#,birds,EAWP,0,1;EUST "EUST" true true false 1 Text 0 0,First,#,birds,EUST,0,1;FISP "FISP" true true false 1 Text 0 0,First,#,birds,FISP,0,1;FICR "FICR" true true false 1 Text 0 0,First,#,birds,FICR,0,1;GADW "GADW" true true false 1 Text 0 0,First,#,birds,GADW,0,1;GLIB "GLIB" true true false 1 Text 0 0,First,#,birds,GLIB,0,1;GCKI "GCKI" true true false 1 Text 0 0,First,#,birds,GCKI,0,1;GRSP "GRSP" true true false 1 Text 0 0,First,#,birds,GRSP,0,1;GRCA "GRCA" true true false 1 Text 0 0,First,#,birds,GRCA,0,1;GBBG "GBBG" true true false 1 Text 0 0,First,#,birds,GBBG,0,1;GTBH "GTBH" true true false 1 Text 0 0,First,#,birds,GTBH,0,1;GREG "GREG" true true false 1 Text 0 0,First,#,birds,GREG,0,1;GHOW "GHOW" true true false 1 Text 0 0,First,#,birds,GHOW,0,1;GCFL "GCFL" true true false 1 Text 0 0,First,#,birds,GCFL,0,1;GNBH "GNBH" true true false 1 Text 0 0,First,#,birds,GNBH,0,1;HAWO "HAWO" true true false 1 Text 0 0,First,#,birds,HAWO,0,1;HETH "HETH" true true false 1 Text 0 0,First,#,birds,HETH,0,1;HERG "HERG" true true false 1 Text 0 0,First,#,birds,HERG,0,1;HOME "HOME" true true false 1 Text 0 0,First,#,birds,HOME,0,1;HOWA "HOWA" true true false 1 Text 0 0,First,#,birds,HOWA,0,1;HOLA "HOLA" true true false 1 Text 0 0,First,#,birds,HOLA,0,1;HOFI "HOFI" true true false 1 Text 0 0,First,#,birds,HOFI,0,1;HOSP "HOSP" true true false 1 Text 0 0,First,#,birds,HOSP,0,1;HOWR "HOWR" true true false 1 Text 0 0,First,#,birds,HOWR,0,1;INBU "INBU" true true false 1 Text 0 0,First,#,birds,INBU,0,1;KILL_ "KILL_" true true false 1 Text 0 0,First,#,birds,KILL_,0,1;KIRA "KIRA" true true false 1 Text 0 0,First,#,birds,KIRA,0,1;LEBI "LEBI" true true false 1 Text 0 0,First,#,birds,LEBI,0,1;LEFL "LEFL" true true false 1 Text 0 0,First,#,birds,LEFL,0,1;LETE "LETE" true true false 1 Text 0 0,First,#,birds,LETE,0,1;LBHE "LBHE" true true false 1 Text 0 0,First,#,birds,LBHE,0,1;LEOW "LEOW" true true false 1 Text 0 0,First,#,birds,LEOW,0,1;LOWA "LOWA" true true false 1 Text 0 0,First,#,birds,LOWA,0,1;MAWA "MAWA" true true false 1 Text 0 0,First,#,birds,MAWA,0,1;MALL "MALL" true true false 1 Text 0 0,First,#,birds,MALL,0,1;MAWR "MAWR" true true false 1 Text 0 0,First,#,birds,MAWR,0,1;MOPA "MOPA" true true false 1 Text 0 0,First,#,birds,MOPA,0,1;MODO "MODO" true true false 1 Text 0 0,First,#,birds,MODO,0,1;MUSW "MUSW" true true false 1 Text 0 0,First,#,birds,MUSW,0,1;MYWA "MYWA" true true false 1 Text 0 0,First,#,birds,MYWA,0,1;NAWA "NAWA" true true false 1 Text 0 0,First,#,birds,NAWA,0,1;NOBO "NOBO" true true false 1 Text 0 0,First,#,birds,NOBO,0,1;NOCA "NOCA" true true false 1 Text 0 0,First,#,birds,NOCA,0,1;NOGO "NOGO" true true false 1 Text 0 0,First,#,birds,NOGO,0,1;NOHA "NOHA" true true false 1 Text 0 0,First,#,birds,NOHA,0,1;NOMO "NOMO" true true false 1 Text 0 0,First,#,birds,NOMO,0,1;NOOR "NOOR" true true false 1 Text 0 0,First,#,birds,NOOR,0,1;NOPA "NOPA" true true false 1 Text 0 0,First,#,birds,NOPA,0,1;NSWO "NSWO" true true false 1 Text 0 0,First,#,birds,NSWO,0,1;NOWA "NOWA" true true false 1 Text 0 0,First,#,birds,NOWA,0,1;OROR "OROR" true true false 1 Text 0 0,First,#,birds,OROR,0,1;OSPR "OSPR" true true false 1 Text 0 0,First,#,birds,OSPR,0,1;OVEN "OVEN" true true false 1 Text 0 0,First,#,birds,OVEN,0,1;PIWO "PIWO" true true false 1 Text 0 0,First,#,birds,PIWO,0,1;PIWA "PIWA" true true false 1 Text 0 0,First,#,birds,PIWA,0,1;PIPL "PIPL" true true false 1 Text 0 0,First,#,birds,PIPL,0,1;PRAW "PRAW" true true false 1 Text 0 0,First,#,birds,PRAW,0,1;PUFI "PUFI" true true false 1 Text 0 0,First,#,birds,PUFI,0,1;PUMA "PUMA" true true false 1 Text 0 0,First,#,birds,PUMA,0,1;RBWO "RBWO" true true false 1 Text 0 0,First,#,birds,RBWO,0,1;RBNU "RBNU" true true false 1 Text 0 0,First,#,birds,RBNU,0,1;REVI "REVI" true true false 1 Text 0 0,First,#,birds,REVI,0,1;RSHA "RSHA" true true false 1 Text 0 0,First,#,birds,RSHA,0,1;RTHA "RTHA" true true false 1 Text 0 0,First,#,birds,RTHA,0,1;RWBL "RWBL" true true false 1 Text 0 0,First,#,birds,RWBL,0,1;RNPH "RNPH" true true false 1 Text 0 0,First,#,birds,RNPH,0,1;RODO "RODO" true true false 1 Text 0 0,First,#,birds,RODO,0,1;ROST "ROST" true true false 1 Text 0 0,First,#,birds,ROST,0,1;RBGR "RBGR" true true false 1 Text 0 0,First,#,birds,RBGR,0,1;NRWS "NRWS" true true false 1 Text 0 0,First,#,birds,NRWS,0,1;RTHU "RTHU" true true false 1 Text 0 0,First,#,birds,RTHU,0,1;RUGR "RUGR" true true false 1 Text 0 0,First,#,birds,RUGR,0,1;RSTO "RSTO" true true false 1 Text 0 0,First,#,birds,RSTO,0,1;SAVS "SAVS" true true false 1 Text 0 0,First,#,birds,SAVS,0,1;SCTA "SCTA" true true false 1 Text 0 0,First,#,birds,SCTA,0,1;SESP "SESP" true true false 1 Text 0 0,First,#,birds,SESP,0,1;SSHA "SSHA" true true false 1 Text 0 0,First,#,birds,SSHA,0,1;STSP "STSP" true true false 1 Text 0 0,First,#,birds,STSP,0,1;SNEG "SNEG" true true false 1 Text 0 0,First,#,birds,SNEG,0,1;SOVI "SOVI" true true false 1 Text 0 0,First,#,birds,SOVI,0,1;SOSP "SOSP" true true false 1 Text 0 0,First,#,birds,SOSP,0,1;SORA "SORA" true true false 1 Text 0 0,First,#,birds,SORA,0,1;SPSA "SPSA" true true false 1 Text 0 0,First,#,birds,SPSA,0,1;SWSP "SWSP" true true false 1 Text 0 0,First,#,birds,SWSP,0,1;TRES "TRES" true true false 1 Text 0 0,First,#,birds,TRES,0,1;TUVU "TUVU" true true false 1 Text 0 0,First,#,birds,TUVU,0,1;UDEJ "UDEJ" true true false 1 Text 0 0,First,#,birds,UDEJ,0,1;UPSA "UPSA" true true false 1 Text 0 0,First,#,birds,UPSA,0,1;VEER "VEER" true true false 1 Text 0 0,First,#,birds,VEER,0,1;VESP "VESP" true true false 1 Text 0 0,First,#,birds,VESP,0,1;VIRA "VIRA" true true false 1 Text 0 0,First,#,birds,VIRA,0,1;WAVI "WAVI" true true false 1 Text 0 0,First,#,birds,WAVI,0,1;WPWI "WPWI" true true false 1 Text 0 0,First,#,birds,WPWI,0,1;WBNU "WBNU" true true false 1 Text 0 0,First,#,birds,WBNU,0,1;WEVI "WEVI" true true false 1 Text 0 0,First,#,birds,WEVI,0,1;WTSP "WTSP" true true false 1 Text 0 0,First,#,birds,WTSP,0,1;WITU "WITU" true true false 1 Text 0 0,First,#,birds,WITU,0,1;WILL "WILL" true true false 1 Text 0 0,First,#,birds,WILL,0,1;WIFL "WIFL" true true false 1 Text 0 0,First,#,birds,WIFL,0,1;WIWR "WIWR" true true false 1 Text 0 0,First,#,birds,WIWR,0,1;WODU "WODU" true true false 1 Text 0 0,First,#,birds,WODU,0,1;WOTH "WOTH" true true false 1 Text 0 0,First,#,birds,WOTH,0,1;WEWA "WEWA" true true false 1 Text 0 0,First,#,birds,WEWA,0,1;YWAR "YWAR" true true false 1 Text 0 0,First,#,birds,YWAR,0,1;YBCU "YBCU" true true false 1 Text 0 0,First,#,birds,YBCU,0,1;YBCH "YBCH" true true false 1 Text 0 0,First,#,birds,YBCH,0,1;YRWA "YRWA" true true false 1 Text 0 0,First,#,birds,YRWA,0,1;YSFL "YSFL" true true false 1 Text 0 0,First,#,birds,YSFL,0,1;YTVI "YTVI" true true false 1 Text 0 0,First,#,birds,YTVI,0,1;YCNH "YCNH" true true false 1 Text 0 0,First,#,birds,YCNH,0,1;BTBW "BTBW" true true false 1 Text 0 0,First,#,birds,BTBW,0,1;PROW "PROW" true true false 1 Text 0 0,First,#,birds,PROW,0,1;PBGR "PBGR" true true false 1 Text 0 0,First,#,birds,PBGR,0,1;TTLC "TTLC" true true false 2 Short 0 2,First,#,birds,TTLC,-1,-1;TTLR "TTLR" true true false 2 Short 0 2,First,#,birds,TTLR,-1,-1;TTLP "TTLP" true true false 2 Short 0 2,First,#,birds,TTLP,-1,-1;TOTSPP "TOTSPP" true true false 2 Short 0 2,First,#,birds,TOTSPP,-1,-1" #</Process></lineage></DataProperties><SyncDate>20210315</SyncDate><SyncTime>23433300</SyncTime><ModDate>20210315</ModDate><ModTime>23433300</ModTime></Esri><dataIdInfo><envirDesc Sync="TRUE">Microsoft Windows 10 Version 10.0 (Build 19041) ; Esri ArcGIS 12.7.0.26828</envirDesc><dataLang><languageCode value="eng" Sync="TRUE"></languageCode><countryCode value="USA" Sync="TRUE"></countryCode></dataLang><idCitation><resTitle Sync="TRUE">birds.csv</resTitle><presForm><PresFormCd value="001" Sync="TRUE"></PresFormCd></presForm></idCitation></dataIdInfo><mdLang><languageCode value="eng" Sync="TRUE"></languageCode><countryCode value="USA" Sync="TRUE"></countryCode></mdLang><mdChar><CharSetCd value="004" Sync="TRUE"></CharSetCd></mdChar><distInfo><distFormat><formatName Sync="TRUE">Text File</formatName></distFormat><distTranOps><transSize Sync="TRUE">0.001</transSize></distTranOps></distInfo><mdHrLv><ScopeCd value="007" Sync="TRUE"></ScopeCd></mdHrLv><mdHrLvName Sync="TRUE">non-geographic dataset</mdHrLvName><eainfo><detailed Name="birds.csv"><enttyp><enttypl Sync="TRUE">birds.csv</enttypl><enttypt Sync="TRUE">Table</enttypt><enttypc Sync="TRUE">0</enttypc></enttyp><attr><attrlabl Sync="TRUE">OID_</attrlabl><attalias Sync="TRUE">OID_</attalias><attrtype Sync="TRUE">Integer</attrtype><attwidth Sync="TRUE">4</attwidth><atprecis Sync="TRUE">0</atprecis><attscale Sync="TRUE">0</attscale></attr><attr><attrlabl Sync="TRUE">OBJECTID</attrlabl><attalias Sync="TRUE">OBJECTID</attalias><attrtype Sync="TRUE">SmallInteger</attrtype><attwidth Sync="TRUE">2</attwidth><atprecis Sync="TRUE">0</atprecis><attscale Sync="TRUE">0</attscale></attr><attr><attrlabl Sync="TRUE">RIBI_ID</attrlabl><attalias Sync="TRUE">RIBI_ID</attalias><attrtype Sync="TRUE">SmallInteger</attrtype><attwidth Sync="TRUE">2</attwidth><atprecis Sync="TRUE">0</atprecis><attscale Sync="TRUE">0</attscale></attr><attr><attrlabl Sync="TRUE">ACFL</attrlabl><attalias Sync="TRUE">ACFL</attalias><attrtype Sync="TRUE">String</attrtype><attwidth Sync="TRUE">1</attwidth><atprecis Sync="TRUE">0</atprecis><attscale Sync="TRUE">0</attscale></attr><attr><attrlabl Sync="TRUE">AMBI</attrlabl><attalias Sync="TRUE">AMBI</attalias><attrtype Sync="TRUE">String</attrtype><attwidth Sync="TRUE">1</attwidth><atprecis Sync="TRUE">0</atprecis><attscale Sync="TRUE">0</attscale></attr><attr><attrlabl Sync="TRUE">ABDU</attrlabl><attalias Sync="TRUE">ABDU</attalias><attrtype Sync="TRUE">String</attrtype><attwidth Sync="TRUE">1</attwidth><atprecis Sync="TRUE">0</atprecis><attscale Sync="TRUE">0</attscale></attr><attr><attrlabl Sync="TRUE">AMCR</attrlabl><attalias Sync="TRUE">AMCR</attalias><attrtype Sync="TRUE">String</attrtype><attwidth Sync="TRUE">1</attwidth><atprecis Sync="TRUE">0</atprecis><attscale Sync="TRUE">0</attscale></attr><attr><attrlabl Sync="TRUE">AMGO</attrlabl><attalias Sync="TRUE">AMGO</attalias><attrtype Sync="TRUE">String</attrtype><attwidth Sync="TRUE">1</attwidth><atprecis Sync="TRUE">0</atprecis><attscale Sync="TRUE">0</attscale></attr><attr><attrlabl Sync="TRUE">AGWT</attrlabl><attalias Sync="TRUE">AGWT</attalias><attrtype Sync="TRUE">String</attrtype><attwidth Sync="TRUE">1</attwidth><atprecis Sync="TRUE">0</atprecis><attscale Sync="TRUE">0</attscale></attr><attr><attrlabl Sync="TRUE">AMKE</attrlabl><attalias Sync="TRUE">AMKE</attalias><attrtype Sync="TRUE">String</attrtype><attwidth Sync="TRUE">1</attwidth><atprecis Sync="TRUE">0</atprecis><attscale Sync="TRUE">0</attscale></attr><attr><attrlabl Sync="TRUE">AMOY</attrlabl><attalias Sync="TRUE">AMOY</attalias><attrtype Sync="TRUE">String</attrtype><attwidth Sync="TRUE">1</attwidth><atprecis Sync="TRUE">0</atprecis><attscale Sync="TRUE">0</attscale></attr><attr><attrlabl Sync="TRUE">AMRE</attrlabl><attalias Sync="TRUE">AMRE</attalias><attrtype Sync="TRUE">String</attrtype><attwidth Sync="TRUE">1</attwidth><atprecis Sync="TRUE">0</atprecis><attscale Sync="TRUE">0</attscale></attr><attr><attrlabl Sync="TRUE">AMRO</attrlabl><attalias Sync="TRUE">AMRO</attalias><attrtype Sync="TRUE">String</attrtype><attwidth Sync="TRUE">1</attwidth><atprecis Sync="TRUE">0</atprecis><attscale Sync="TRUE">0</attscale></attr><attr><attrlabl Sync="TRUE">AMWO</attrlabl><attalias Sync="TRUE">AMWO</attalias><attrtype Sync="TRUE">String</attrtype><attwidth Sync="TRUE">1</attwidth><atprecis Sync="TRUE">0</atprecis><attscale Sync="TRUE">0</attscale></attr><attr><attrlabl Sync="TRUE">BANS</attrlabl><attalias Sync="TRUE">BANS</attalias><attrtype Sync="TRUE">String</attrtype><attwidth Sync="TRUE">1</attwidth><atprecis Sync="TRUE">0</atprecis><attscale Sync="TRUE">0</attscale></attr><attr><attrlabl Sync="TRUE">BARS</attrlabl><attalias Sync="TRUE">BARS</attalias><attrtype Sync="TRUE">String</attrtype><attwidth Sync="TRUE">1</attwidth><atprecis Sync="TRUE">0</atprecis><attscale Sync="TRUE">0</attscale></attr><attr><attrlabl Sync="TRUE">BAOW</attrlabl><attalias Sync="TRUE">BAOW</attalias><attrtype Sync="TRUE">String</attrtype><attwidth Sync="TRUE">1</attwidth><atprecis Sync="TRUE">0</atprecis><attscale Sync="TRUE">0</attscale></attr><attr><attrlabl Sync="TRUE">BEKI</attrlabl><attalias Sync="TRUE">BEKI</attalias><attrtype Sync="TRUE">String</attrtype><attwidth Sync="TRUE">1</attwidth><atprecis Sync="TRUE">0</atprecis><attscale Sync="TRUE">0</attscale></attr><attr><attrlabl Sync="TRUE">BLBW</attrlabl><attalias Sync="TRUE">BLBW</attalias><attrtype Sync="TRUE">String</attrtype><attwidth Sync="TRUE">1</attwidth><atprecis Sync="TRUE">0</atprecis><attscale Sync="TRUE">0</attscale></attr><attr><attrlabl Sync="TRUE">BAWW</attrlabl><attalias Sync="TRUE">BAWW</attalias><attrtype Sync="TRUE">String</attrtype><attwidth Sync="TRUE">1</attwidth><atprecis Sync="TRUE">0</atprecis><attscale Sync="TRUE">0</attscale></attr><attr><attrlabl Sync="TRUE">BBCU</attrlabl><attalias Sync="TRUE">BBCU</attalias><attrtype Sync="TRUE">String</attrtype><attwidth Sync="TRUE">1</attwidth><atprecis Sync="TRUE">0</atprecis><attscale Sync="TRUE">0</attscale></attr><attr><attrlabl Sync="TRUE">BCCH</attrlabl><attalias Sync="TRUE">BCCH</attalias><attrtype Sync="TRUE">String</attrtype><attwidth Sync="TRUE">1</attwidth><atprecis Sync="TRUE">0</atprecis><attscale Sync="TRUE">0</attscale></attr><attr><attrlabl Sync="TRUE">BCNH</attrlabl><attalias Sync="TRUE">BCNH</attalias><attrtype Sync="TRUE">String</attrtype><attwidth Sync="TRUE">1</attwidth><atprecis Sync="TRUE">0</atprecis><attscale Sync="TRUE">0</attscale></attr><attr><attrlabl Sync="TRUE">BTNW</attrlabl><attalias Sync="TRUE">BTNW</attalias><attrtype Sync="TRUE">String</attrtype><attwidth Sync="TRUE">1</attwidth><atprecis Sync="TRUE">0</atprecis><attscale Sync="TRUE">0</attscale></attr><attr><attrlabl Sync="TRUE">BLJA</attrlabl><attalias Sync="TRUE">BLJA</attalias><attrtype Sync="TRUE">String</attrtype><attwidth Sync="TRUE">1</attwidth><atprecis Sync="TRUE">0</atprecis><attscale Sync="TRUE">0</attscale></attr><attr><attrlabl Sync="TRUE">BGGN</attrlabl><attalias Sync="TRUE">BGGN</attalias><attrtype Sync="TRUE">String</attrtype><attwidth Sync="TRUE">1</attwidth><atprecis Sync="TRUE">0</atprecis><attscale Sync="TRUE">0</attscale></attr><attr><attrlabl Sync="TRUE">BWTE</attrlabl><attalias Sync="TRUE">BWTE</attalias><attrtype Sync="TRUE">String</attrtype><attwidth Sync="TRUE">1</attwidth><atprecis Sync="TRUE">0</atprecis><attscale Sync="TRUE">0</attscale></attr><attr><attrlabl Sync="TRUE">BWWA</attrlabl><attalias Sync="TRUE">BWWA</attalias><attrtype Sync="TRUE">String</attrtype><attwidth Sync="TRUE">1</attwidth><atprecis Sync="TRUE">0</atprecis><attscale Sync="TRUE">0</attscale></attr><attr><attrlabl Sync="TRUE">BOBO</attrlabl><attalias Sync="TRUE">BOBO</attalias><attrtype Sync="TRUE">String</attrtype><attwidth Sync="TRUE">1</attwidth><atprecis Sync="TRUE">0</atprecis><attscale Sync="TRUE">0</attscale></attr><attr><attrlabl Sync="TRUE">BWHA</attrlabl><attalias Sync="TRUE">BWHA</attalias><attrtype Sync="TRUE">String</attrtype><attwidth Sync="TRUE">1</attwidth><atprecis Sync="TRUE">0</atprecis><attscale Sync="TRUE">0</attscale></attr><attr><attrlabl Sync="TRUE">BRCR</attrlabl><attalias Sync="TRUE">BRCR</attalias><attrtype Sync="TRUE">String</attrtype><attwidth Sync="TRUE">1</attwidth><atprecis Sync="TRUE">0</atprecis><attscale Sync="TRUE">0</attscale></attr><attr><attrlabl Sync="TRUE">BRTH</attrlabl><attalias Sync="TRUE">BRTH</attalias><attrtype Sync="TRUE">String</attrtype><attwidth Sync="TRUE">1</attwidth><atprecis Sync="TRUE">0</atprecis><attscale Sync="TRUE">0</attscale></attr><attr><attrlabl Sync="TRUE">BHCO</attrlabl><attalias Sync="TRUE">BHCO</attalias><attrtype Sync="TRUE">String</attrtype><attwidth Sync="TRUE">1</attwidth><atprecis Sync="TRUE">0</atprecis><attscale Sync="TRUE">0</attscale></attr><attr><attrlabl Sync="TRUE">CAGO</attrlabl><attalias Sync="TRUE">CAGO</attalias><attrtype Sync="TRUE">String</attrtype><attwidth Sync="TRUE">1</attwidth><atprecis Sync="TRUE">0</atprecis><attscale Sync="TRUE">0</attscale></attr><attr><attrlabl Sync="TRUE">CAWA</attrlabl><attalias Sync="TRUE">CAWA</attalias><attrtype Sync="TRUE">String</attrtype><attwidth Sync="TRUE">1</attwidth><atprecis Sync="TRUE">0</atprecis><attscale Sync="TRUE">0</attscale></attr><attr><attrlabl Sync="TRUE">CARW</attrlabl><attalias Sync="TRUE">CARW</attalias><attrtype Sync="TRUE">String</attrtype><attwidth Sync="TRUE">1</attwidth><atprecis Sync="TRUE">0</atprecis><attscale Sync="TRUE">0</attscale></attr><attr><attrlabl Sync="TRUE">CAEG</attrlabl><attalias Sync="TRUE">CAEG</attalias><attrtype Sync="TRUE">String</attrtype><attwidth Sync="TRUE">1</attwidth><atprecis Sync="TRUE">0</atprecis><attscale Sync="TRUE">0</attscale></attr><attr><attrlabl Sync="TRUE">CEDW</attrlabl><attalias Sync="TRUE">CEDW</attalias><attrtype Sync="TRUE">String</attrtype><attwidth Sync="TRUE">1</attwidth><atprecis Sync="TRUE">0</atprecis><attscale Sync="TRUE">0</attscale></attr><attr><attrlabl Sync="TRUE">CERW</attrlabl><attalias Sync="TRUE">CERW</attalias><attrtype Sync="TRUE">String</attrtype><attwidth Sync="TRUE">1</attwidth><atprecis Sync="TRUE">0</atprecis><attscale Sync="TRUE">0</attscale></attr><attr><attrlabl Sync="TRUE">CSWA</attrlabl><attalias Sync="TRUE">CSWA</attalias><attrtype Sync="TRUE">String</attrtype><attwidth Sync="TRUE">1</attwidth><atprecis Sync="TRUE">0</atprecis><attscale Sync="TRUE">0</attscale></attr><attr><attrlabl Sync="TRUE">CHSW</attrlabl><attalias Sync="TRUE">CHSW</attalias><attrtype Sync="TRUE">String</attrtype><attwidth Sync="TRUE">1</attwidth><atprecis Sync="TRUE">0</atprecis><attscale Sync="TRUE">0</attscale></attr><attr><attrlabl Sync="TRUE">CHSP</attrlabl><attalias Sync="TRUE">CHSP</attalias><attrtype Sync="TRUE">String</attrtype><attwidth Sync="TRUE">1</attwidth><atprecis Sync="TRUE">0</atprecis><attscale Sync="TRUE">0</attscale></attr><attr><attrlabl Sync="TRUE">CLRA</attrlabl><attalias Sync="TRUE">CLRA</attalias><attrtype Sync="TRUE">String</attrtype><attwidth Sync="TRUE">1</attwidth><atprecis Sync="TRUE">0</atprecis><attscale Sync="TRUE">0</attscale></attr><attr><attrlabl Sync="TRUE">CLSW</attrlabl><attalias Sync="TRUE">CLSW</attalias><attrtype Sync="TRUE">String</attrtype><attwidth Sync="TRUE">1</attwidth><atprecis Sync="TRUE">0</atprecis><attscale Sync="TRUE">0</attscale></attr><attr><attrlabl Sync="TRUE">COBO</attrlabl><attalias Sync="TRUE">COBO</attalias><attrtype Sync="TRUE">String</attrtype><attwidth Sync="TRUE">1</attwidth><atprecis Sync="TRUE">0</atprecis><attscale Sync="TRUE">0</attscale></attr><attr><attrlabl Sync="TRUE">COGR</attrlabl><attalias Sync="TRUE">COGR</attalias><attrtype Sync="TRUE">String</attrtype><attwidth Sync="TRUE">1</attwidth><atprecis Sync="TRUE">0</atprecis><attscale Sync="TRUE">0</attscale></attr><attr><attrlabl Sync="TRUE">COMO</attrlabl><attalias Sync="TRUE">COMO</attalias><attrtype Sync="TRUE">String</attrtype><attwidth Sync="TRUE">1</attwidth><atprecis Sync="TRUE">0</atprecis><attscale Sync="TRUE">0</attscale></attr><attr><attrlabl Sync="TRUE">CONI</attrlabl><attalias Sync="TRUE">CONI</attalias><attrtype Sync="TRUE">String</attrtype><attwidth Sync="TRUE">1</attwidth><atprecis Sync="TRUE">0</atprecis><attscale Sync="TRUE">0</attscale></attr><attr><attrlabl Sync="TRUE">COTE</attrlabl><attalias Sync="TRUE">COTE</attalias><attrtype Sync="TRUE">String</attrtype><attwidth Sync="TRUE">1</attwidth><atprecis Sync="TRUE">0</atprecis><attscale Sync="TRUE">0</attscale></attr><attr><attrlabl Sync="TRUE">COYE</attrlabl><attalias Sync="TRUE">COYE</attalias><attrtype Sync="TRUE">String</attrtype><attwidth Sync="TRUE">1</attwidth><atprecis Sync="TRUE">0</atprecis><attscale Sync="TRUE">0</attscale></attr><attr><attrlabl Sync="TRUE">COHA</attrlabl><attalias Sync="TRUE">COHA</attalias><attrtype Sync="TRUE">String</attrtype><attwidth Sync="TRUE">1</attwidth><atprecis Sync="TRUE">0</atprecis><attscale Sync="TRUE">0</attscale></attr><attr><attrlabl Sync="TRUE">DCCO</attrlabl><attalias Sync="TRUE">DCCO</attalias><attrtype Sync="TRUE">String</attrtype><attwidth Sync="TRUE">1</attwidth><atprecis Sync="TRUE">0</atprecis><attscale Sync="TRUE">0</attscale></attr><attr><attrlabl Sync="TRUE">DOWO</attrlabl><attalias Sync="TRUE">DOWO</attalias><attrtype Sync="TRUE">String</attrtype><attwidth Sync="TRUE">1</attwidth><atprecis Sync="TRUE">0</atprecis><attscale Sync="TRUE">0</attscale></attr><attr><attrlabl Sync="TRUE">EABL</attrlabl><attalias Sync="TRUE">EABL</attalias><attrtype Sync="TRUE">String</attrtype><attwidth Sync="TRUE">1</attwidth><atprecis Sync="TRUE">0</atprecis><attscale Sync="TRUE">0</attscale></attr><attr><attrlabl Sync="TRUE">EAKI</attrlabl><attalias Sync="TRUE">EAKI</attalias><attrtype Sync="TRUE">String</attrtype><attwidth Sync="TRUE">1</attwidth><atprecis Sync="TRUE">0</atprecis><attscale Sync="TRUE">0</attscale></attr><attr><attrlabl Sync="TRUE">EAME</attrlabl><attalias Sync="TRUE">EAME</attalias><attrtype Sync="TRUE">String</attrtype><attwidth Sync="TRUE">1</attwidth><atprecis Sync="TRUE">0</atprecis><attscale Sync="TRUE">0</attscale></attr><attr><attrlabl Sync="TRUE">EAPH</attrlabl><attalias Sync="TRUE">EAPH</attalias><attrtype Sync="TRUE">String</attrtype><attwidth Sync="TRUE">1</attwidth><atprecis Sync="TRUE">0</atprecis><attscale Sync="TRUE">0</attscale></attr><attr><attrlabl Sync="TRUE">EASO</attrlabl><attalias Sync="TRUE">EASO</attalias><attrtype Sync="TRUE">String</attrtype><attwidth Sync="TRUE">1</attwidth><atprecis Sync="TRUE">0</atprecis><attscale Sync="TRUE">0</attscale></attr><attr><attrlabl Sync="TRUE">ETTI</attrlabl><attalias Sync="TRUE">ETTI</attalias><attrtype Sync="TRUE">String</attrtype><attwidth Sync="TRUE">1</attwidth><atprecis Sync="TRUE">0</atprecis><attscale Sync="TRUE">0</attscale></attr><attr><attrlabl Sync="TRUE">EAWP</attrlabl><attalias Sync="TRUE">EAWP</attalias><attrtype Sync="TRUE">String</attrtype><attwidth Sync="TRUE">1</attwidth><atprecis Sync="TRUE">0</atprecis><attscale Sync="TRUE">0</attscale></attr><attr><attrlabl Sync="TRUE">EUST</attrlabl><attalias Sync="TRUE">EUST</attalias><attrtype Sync="TRUE">String</attrtype><attwidth Sync="TRUE">1</attwidth><atprecis Sync="TRUE">0</atprecis><attscale Sync="TRUE">0</attscale></attr><attr><attrlabl Sync="TRUE">FISP</attrlabl><attalias Sync="TRUE">FISP</attalias><attrtype Sync="TRUE">String</attrtype><attwidth Sync="TRUE">1</attwidth><atprecis Sync="TRUE">0</atprecis><attscale Sync="TRUE">0</attscale></attr><attr><attrlabl Sync="TRUE">FICR</attrlabl><attalias Sync="TRUE">FICR</attalias><attrtype Sync="TRUE">String</attrtype><attwidth Sync="TRUE">1</attwidth><atprecis Sync="TRUE">0</atprecis><attscale Sync="TRUE">0</attscale></attr><attr><attrlabl Sync="TRUE">GADW</attrlabl><attalias Sync="TRUE">GADW</attalias><attrtype Sync="TRUE">String</attrtype><attwidth Sync="TRUE">1</attwidth><atprecis Sync="TRUE">0</atprecis><attscale Sync="TRUE">0</attscale></attr><attr><attrlabl Sync="TRUE">GLIB</attrlabl><attalias Sync="TRUE">GLIB</attalias><attrtype Sync="TRUE">String</attrtype><attwidth Sync="TRUE">1</attwidth><atprecis Sync="TRUE">0</atprecis><attscale Sync="TRUE">0</attscale></attr><attr><attrlabl Sync="TRUE">GCKI</attrlabl><attalias Sync="TRUE">GCKI</attalias><attrtype Sync="TRUE">String</attrtype><attwidth Sync="TRUE">1</attwidth><atprecis Sync="TRUE">0</atprecis><attscale Sync="TRUE">0</attscale></attr><attr><attrlabl Sync="TRUE">GRSP</attrlabl><attalias Sync="TRUE">GRSP</attalias><attrtype Sync="TRUE">String</attrtype><attwidth Sync="TRUE">1</attwidth><atprecis Sync="TRUE">0</atprecis><attscale Sync="TRUE">0</attscale></attr><attr><attrlabl Sync="TRUE">GRCA</attrlabl><attalias Sync="TRUE">GRCA</attalias><attrtype Sync="TRUE">String</attrtype><attwidth Sync="TRUE">1</attwidth><atprecis Sync="TRUE">0</atprecis><attscale Sync="TRUE">0</attscale></attr><attr><attrlabl Sync="TRUE">GBBG</attrlabl><attalias Sync="TRUE">GBBG</attalias><attrtype Sync="TRUE">String</attrtype><attwidth Sync="TRUE">1</attwidth><atprecis Sync="TRUE">0</atprecis><attscale Sync="TRUE">0</attscale></attr><attr><attrlabl Sync="TRUE">GTBH</attrlabl><attalias Sync="TRUE">GTBH</attalias><attrtype Sync="TRUE">String</attrtype><attwidth Sync="TRUE">1</attwidth><atprecis Sync="TRUE">0</atprecis><attscale Sync="TRUE">0</attscale></attr><attr><attrlabl Sync="TRUE">GREG</attrlabl><attalias Sync="TRUE">GREG</attalias><attrtype Sync="TRUE">String</attrtype><attwidth Sync="TRUE">1</attwidth><atprecis Sync="TRUE">0</atprecis><attscale Sync="TRUE">0</attscale></attr><attr><attrlabl Sync="TRUE">GHOW</attrlabl><attalias Sync="TRUE">GHOW</attalias><attrtype Sync="TRUE">String</attrtype><attwidth Sync="TRUE">1</attwidth><atprecis Sync="TRUE">0</atprecis><attscale Sync="TRUE">0</attscale></attr><attr><attrlabl Sync="TRUE">GCFL</attrlabl><attalias Sync="TRUE">GCFL</attalias><attrtype Sync="TRUE">String</attrtype><attwidth Sync="TRUE">1</attwidth><atprecis Sync="TRUE">0</atprecis><attscale Sync="TRUE">0</attscale></attr><attr><attrlabl Sync="TRUE">GNBH</attrlabl><attalias Sync="TRUE">GNBH</attalias><attrtype Sync="TRUE">String</attrtype><attwidth Sync="TRUE">1</attwidth><atprecis Sync="TRUE">0</atprecis><attscale Sync="TRUE">0</attscale></attr><attr><attrlabl Sync="TRUE">HAWO</attrlabl><attalias Sync="TRUE">HAWO</attalias><attrtype Sync="TRUE">String</attrtype><attwidth Sync="TRUE">1</attwidth><atprecis Sync="TRUE">0</atprecis><attscale Sync="TRUE">0</attscale></attr><attr><attrlabl Sync="TRUE">HETH</attrlabl><attalias Sync="TRUE">HETH</attalias><attrtype Sync="TRUE">String</attrtype><attwidth Sync="TRUE">1</attwidth><atprecis Sync="TRUE">0</atprecis><attscale Sync="TRUE">0</attscale></attr><attr><attrlabl Sync="TRUE">HERG</attrlabl><attalias Sync="TRUE">HERG</attalias><attrtype Sync="TRUE">String</attrtype><attwidth Sync="TRUE">1</attwidth><atprecis Sync="TRUE">0</atprecis><attscale Sync="TRUE">0</attscale></attr><attr><attrlabl Sync="TRUE">HOME</attrlabl><attalias Sync="TRUE">HOME</attalias><attrtype Sync="TRUE">String</attrtype><attwidth Sync="TRUE">1</attwidth><atprecis Sync="TRUE">0</atprecis><attscale Sync="TRUE">0</attscale></attr><attr><attrlabl Sync="TRUE">HOWA</attrlabl><attalias Sync="TRUE">HOWA</attalias><attrtype Sync="TRUE">String</attrtype><attwidth Sync="TRUE">1</attwidth><atprecis Sync="TRUE">0</atprecis><attscale Sync="TRUE">0</attscale></attr><attr><attrlabl Sync="TRUE">HOLA</attrlabl><attalias Sync="TRUE">HOLA</attalias><attrtype Sync="TRUE">String</attrtype><attwidth Sync="TRUE">1</attwidth><atprecis Sync="TRUE">0</atprecis><attscale Sync="TRUE">0</attscale></attr><attr><attrlabl Sync="TRUE">HOFI</attrlabl><attalias Sync="TRUE">HOFI</attalias><attrtype Sync="TRUE">String</attrtype><attwidth Sync="TRUE">1</attwidth><atprecis Sync="TRUE">0</atprecis><attscale Sync="TRUE">0</attscale></attr><attr><attrlabl Sync="TRUE">HOSP</attrlabl><attalias Sync="TRUE">HOSP</attalias><attrtype Sync="TRUE">String</attrtype><attwidth Sync="TRUE">1</attwidth><atprecis Sync="TRUE">0</atprecis><attscale Sync="TRUE">0</attscale></attr><attr><attrlabl Sync="TRUE">HOWR</attrlabl><attalias Sync="TRUE">HOWR</attalias><attrtype Sync="TRUE">String</attrtype><attwidth Sync="TRUE">1</attwidth><atprecis Sync="TRUE">0</atprecis><attscale Sync="TRUE">0</attscale></attr><attr><attrlabl Sync="TRUE">INBU</attrlabl><attalias Sync="TRUE">INBU</attalias><attrtype Sync="TRUE">String</attrtype><attwidth Sync="TRUE">1</attwidth><atprecis Sync="TRUE">0</atprecis><attscale Sync="TRUE">0</attscale></attr><attr><attrlabl Sync="TRUE">KILL_</attrlabl><attalias Sync="TRUE">KILL_</attalias><attrtype Sync="TRUE">String</attrtype><attwidth Sync="TRUE">1</attwidth><atprecis Sync="TRUE">0</atprecis><attscale Sync="TRUE">0</attscale></attr><attr><attrlabl Sync="TRUE">KIRA</attrlabl><attalias Sync="TRUE">KIRA</attalias><attrtype Sync="TRUE">String</attrtype><attwidth Sync="TRUE">1</attwidth><atprecis Sync="TRUE">0</atprecis><attscale Sync="TRUE">0</attscale></attr><attr><attrlabl Sync="TRUE">LEBI</attrlabl><attalias Sync="TRUE">LEBI</attalias><attrtype Sync="TRUE">String</attrtype><attwidth Sync="TRUE">1</attwidth><atprecis Sync="TRUE">0</atprecis><attscale Sync="TRUE">0</attscale></attr><attr><attrlabl Sync="TRUE">LEFL</attrlabl><attalias Sync="TRUE">LEFL</attalias><attrtype Sync="TRUE">String</attrtype><attwidth Sync="TRUE">1</attwidth><atprecis Sync="TRUE">0</atprecis><attscale Sync="TRUE">0</attscale></attr><attr><attrlabl Sync="TRUE">LETE</attrlabl><attalias Sync="TRUE">LETE</attalias><attrtype Sync="TRUE">String</attrtype><attwidth Sync="TRUE">1</attwidth><atprecis Sync="TRUE">0</atprecis><attscale Sync="TRUE">0</attscale></attr><attr><attrlabl Sync="TRUE">LBHE</attrlabl><attalias Sync="TRUE">LBHE</attalias><attrtype Sync="TRUE">String</attrtype><attwidth Sync="TRUE">1</attwidth><atprecis Sync="TRUE">0</atprecis><attscale Sync="TRUE">0</attscale></attr><attr><attrlabl Sync="TRUE">LEOW</attrlabl><attalias Sync="TRUE">LEOW</attalias><attrtype Sync="TRUE">String</attrtype><attwidth Sync="TRUE">1</attwidth><atprecis Sync="TRUE">0</atprecis><attscale Sync="TRUE">0</attscale></attr><attr><attrlabl Sync="TRUE">LOWA</attrlabl><attalias Sync="TRUE">LOWA</attalias><attrtype Sync="TRUE">String</attrtype><attwidth Sync="TRUE">1</attwidth><atprecis Sync="TRUE">0</atprecis><attscale Sync="TRUE">0</attscale></attr><attr><attrlabl Sync="TRUE">MAWA</attrlabl><attalias Sync="TRUE">MAWA</attalias><attrtype Sync="TRUE">String</attrtype><attwidth Sync="TRUE">1</attwidth><atprecis Sync="TRUE">0</atprecis><attscale Sync="TRUE">0</attscale></attr><attr><attrlabl Sync="TRUE">MALL</attrlabl><attalias Sync="TRUE">MALL</attalias><attrtype Sync="TRUE">String</attrtype><attwidth Sync="TRUE">1</attwidth><atprecis Sync="TRUE">0</atprecis><attscale Sync="TRUE">0</attscale></attr><attr><attrlabl Sync="TRUE">MAWR</attrlabl><attalias Sync="TRUE">MAWR</attalias><attrtype Sync="TRUE">String</attrtype><attwidth Sync="TRUE">1</attwidth><atprecis Sync="TRUE">0</atprecis><attscale Sync="TRUE">0</attscale></attr><attr><attrlabl Sync="TRUE">MOPA</attrlabl><attalias Sync="TRUE">MOPA</attalias><attrtype Sync="TRUE">String</attrtype><attwidth Sync="TRUE">1</attwidth><atprecis Sync="TRUE">0</atprecis><attscale Sync="TRUE">0</attscale></attr><attr><attrlabl Sync="TRUE">MODO</attrlabl><attalias Sync="TRUE">MODO</attalias><attrtype Sync="TRUE">String</attrtype><attwidth Sync="TRUE">1</attwidth><atprecis Sync="TRUE">0</atprecis><attscale Sync="TRUE">0</attscale></attr><attr><attrlabl Sync="TRUE">MUSW</attrlabl><attalias Sync="TRUE">MUSW</attalias><attrtype Sync="TRUE">String</attrtype><attwidth Sync="TRUE">1</attwidth><atprecis Sync="TRUE">0</atprecis><attscale Sync="TRUE">0</attscale></attr><attr><attrlabl Sync="TRUE">MYWA</attrlabl><attalias Sync="TRUE">MYWA</attalias><attrtype Sync="TRUE">String</attrtype><attwidth Sync="TRUE">1</attwidth><atprecis Sync="TRUE">0</atprecis><attscale Sync="TRUE">0</attscale></attr><attr><attrlabl Sync="TRUE">NAWA</attrlabl><attalias Sync="TRUE">NAWA</attalias><attrtype Sync="TRUE">String</attrtype><attwidth Sync="TRUE">1</attwidth><atprecis Sync="TRUE">0</atprecis><attscale Sync="TRUE">0</attscale></attr><attr><attrlabl Sync="TRUE">NOBO</attrlabl><attalias Sync="TRUE">NOBO</attalias><attrtype Sync="TRUE">String</attrtype><attwidth Sync="TRUE">1</attwidth><atprecis Sync="TRUE">0</atprecis><attscale Sync="TRUE">0</attscale></attr><attr><attrlabl Sync="TRUE">NOCA</attrlabl><attalias Sync="TRUE">NOCA</attalias><attrtype Sync="TRUE">String</attrtype><attwidth Sync="TRUE">1</attwidth><atprecis Sync="TRUE">0</atprecis><attscale Sync="TRUE">0</attscale></attr><attr><attrlabl Sync="TRUE">NOGO</attrlabl><attalias Sync="TRUE">NOGO</attalias><attrtype Sync="TRUE">String</attrtype><attwidth Sync="TRUE">1</attwidth><atprecis Sync="TRUE">0</atprecis><attscale Sync="TRUE">0</attscale></attr><attr><attrlabl Sync="TRUE">NOHA</attrlabl><attalias Sync="TRUE">NOHA</attalias><attrtype Sync="TRUE">String</attrtype><attwidth Sync="TRUE">1</attwidth><atprecis Sync="TRUE">0</atprecis><attscale Sync="TRUE">0</attscale></attr><attr><attrlabl Sync="TRUE">NOMO</attrlabl><attalias Sync="TRUE">NOMO</attalias><attrtype Sync="TRUE">String</attrtype><attwidth Sync="TRUE">1</attwidth><atprecis Sync="TRUE">0</atprecis><attscale Sync="TRUE">0</attscale></attr><attr><attrlabl Sync="TRUE">NOOR</attrlabl><attalias Sync="TRUE">NOOR</attalias><attrtype Sync="TRUE">String</attrtype><attwidth Sync="TRUE">1</attwidth><atprecis Sync="TRUE">0</atprecis><attscale Sync="TRUE">0</attscale></attr><attr><attrlabl Sync="TRUE">NOPA</attrlabl><attalias Sync="TRUE">NOPA</attalias><attrtype Sync="TRUE">String</attrtype><attwidth Sync="TRUE">1</attwidth><atprecis Sync="TRUE">0</atprecis><attscale Sync="TRUE">0</attscale></attr><attr><attrlabl Sync="TRUE">NSWO</attrlabl><attalias Sync="TRUE">NSWO</attalias><attrtype Sync="TRUE">String</attrtype><attwidth Sync="TRUE">1</attwidth><atprecis Sync="TRUE">0</atprecis><attscale Sync="TRUE">0</attscale></attr><attr><attrlabl Sync="TRUE">NOWA</attrlabl><attalias Sync="TRUE">NOWA</attalias><attrtype Sync="TRUE">String</attrtype><attwidth Sync="TRUE">1</attwidth><atprecis Sync="TRUE">0</atprecis><attscale Sync="TRUE">0</attscale></attr><attr><attrlabl Sync="TRUE">OROR</attrlabl><attalias Sync="TRUE">OROR</attalias><attrtype Sync="TRUE">String</attrtype><attwidth Sync="TRUE">1</attwidth><atprecis Sync="TRUE">0</atprecis><attscale Sync="TRUE">0</attscale></attr><attr><attrlabl Sync="TRUE">OSPR</attrlabl><attalias Sync="TRUE">OSPR</attalias><attrtype Sync="TRUE">String</attrtype><attwidth Sync="TRUE">1</attwidth><atprecis Sync="TRUE">0</atprecis><attscale Sync="TRUE">0</attscale></attr><attr><attrlabl Sync="TRUE">OVEN</attrlabl><attalias Sync="TRUE">OVEN</attalias><attrtype Sync="TRUE">String</attrtype><attwidth Sync="TRUE">1</attwidth><atprecis Sync="TRUE">0</atprecis><attscale Sync="TRUE">0</attscale></attr><attr><attrlabl Sync="TRUE">PIWO</attrlabl><attalias Sync="TRUE">PIWO</attalias><attrtype Sync="TRUE">String</attrtype><attwidth Sync="TRUE">1</attwidth><atprecis Sync="TRUE">0</atprecis><attscale Sync="TRUE">0</attscale></attr><attr><attrlabl Sync="TRUE">PIWA</attrlabl><attalias Sync="TRUE">PIWA</attalias><attrtype Sync="TRUE">String</attrtype><attwidth Sync="TRUE">1</attwidth><atprecis Sync="TRUE">0</atprecis><attscale Sync="TRUE">0</attscale></attr><attr><attrlabl Sync="TRUE">PIPL</attrlabl><attalias Sync="TRUE">PIPL</attalias><attrtype Sync="TRUE">String</attrtype><attwidth Sync="TRUE">1</attwidth><atprecis Sync="TRUE">0</atprecis><attscale Sync="TRUE">0</attscale></attr><attr><attrlabl Sync="TRUE">PRAW</attrlabl><attalias Sync="TRUE">PRAW</attalias><attrtype Sync="TRUE">String</attrtype><attwidth Sync="TRUE">1</attwidth><atprecis Sync="TRUE">0</atprecis><attscale Sync="TRUE">0</attscale></attr><attr><attrlabl Sync="TRUE">PUFI</attrlabl><attalias Sync="TRUE">PUFI</attalias><attrtype Sync="TRUE">String</attrtype><attwidth Sync="TRUE">1</attwidth><atprecis Sync="TRUE">0</atprecis><attscale Sync="TRUE">0</attscale></attr><attr><attrlabl Sync="TRUE">PUMA</attrlabl><attalias Sync="TRUE">PUMA</attalias><attrtype Sync="TRUE">String</attrtype><attwidth Sync="TRUE">1</attwidth><atprecis Sync="TRUE">0</atprecis><attscale Sync="TRUE">0</attscale></attr><attr><attrlabl Sync="TRUE">RBWO</attrlabl><attalias Sync="TRUE">RBWO</attalias><attrtype Sync="TRUE">String</attrtype><attwidth Sync="TRUE">1</attwidth><atprecis Sync="TRUE">0</atprecis><attscale Sync="TRUE">0</attscale></attr><attr><attrlabl Sync="TRUE">RBNU</attrlabl><attalias Sync="TRUE">RBNU</attalias><attrtype Sync="TRUE">String</attrtype><attwidth Sync="TRUE">1</attwidth><atprecis Sync="TRUE">0</atprecis><attscale Sync="TRUE">0</attscale></attr><attr><attrlabl Sync="TRUE">REVI</attrlabl><attalias Sync="TRUE">REVI</attalias><attrtype Sync="TRUE">String</attrtype><attwidth Sync="TRUE">1</attwidth><atprecis Sync="TRUE">0</atprecis><attscale Sync="TRUE">0</attscale></attr><attr><attrlabl Sync="TRUE">RSHA</attrlabl><attalias Sync="TRUE">RSHA</attalias><attrtype Sync="TRUE">String</attrtype><attwidth Sync="TRUE">1</attwidth><atprecis Sync="TRUE">0</atprecis><attscale Sync="TRUE">0</attscale></attr><attr><attrlabl Sync="TRUE">RTHA</attrlabl><attalias Sync="TRUE">RTHA</attalias><attrtype Sync="TRUE">String</attrtype><attwidth Sync="TRUE">1</attwidth><atprecis Sync="TRUE">0</atprecis><attscale Sync="TRUE">0</attscale></attr><attr><attrlabl Sync="TRUE">RWBL</attrlabl><attalias Sync="TRUE">RWBL</attalias><attrtype Sync="TRUE">String</attrtype><attwidth Sync="TRUE">1</attwidth><atprecis Sync="TRUE">0</atprecis><attscale Sync="TRUE">0</attscale></attr><attr><attrlabl Sync="TRUE">RNPH</attrlabl><attalias Sync="TRUE">RNPH</attalias><attrtype Sync="TRUE">String</attrtype><attwidth Sync="TRUE">1</attwidth><atprecis Sync="TRUE">0</atprecis><attscale Sync="TRUE">0</attscale></attr><attr><attrlabl Sync="TRUE">RODO</attrlabl><attalias Sync="TRUE">RODO</attalias><attrtype Sync="TRUE">String</attrtype><attwidth Sync="TRUE">1</attwidth><atprecis Sync="TRUE">0</atprecis><attscale Sync="TRUE">0</attscale></attr><attr><attrlabl Sync="TRUE">ROST</attrlabl><attalias Sync="TRUE">ROST</attalias><attrtype Sync="TRUE">String</attrtype><attwidth Sync="TRUE">1</attwidth><atprecis Sync="TRUE">0</atprecis><attscale Sync="TRUE">0</attscale></attr><attr><attrlabl Sync="TRUE">RBGR</attrlabl><attalias Sync="TRUE">RBGR</attalias><attrtype Sync="TRUE">String</attrtype><attwidth Sync="TRUE">1</attwidth><atprecis Sync="TRUE">0</atprecis><attscale Sync="TRUE">0</attscale></attr><attr><attrlabl Sync="TRUE">NRWS</attrlabl><attalias Sync="TRUE">NRWS</attalias><attrtype Sync="TRUE">String</attrtype><attwidth Sync="TRUE">1</attwidth><atprecis Sync="TRUE">0</atprecis><attscale Sync="TRUE">0</attscale></attr><attr><attrlabl Sync="TRUE">RTHU</attrlabl><attalias Sync="TRUE">RTHU</attalias><attrtype Sync="TRUE">String</attrtype><attwidth Sync="TRUE">1</attwidth><atprecis Sync="TRUE">0</atprecis><attscale Sync="TRUE">0</attscale></attr><attr><attrlabl Sync="TRUE">RUGR</attrlabl><attalias Sync="TRUE">RUGR</attalias><attrtype Sync="TRUE">String</attrtype><attwidth Sync="TRUE">1</attwidth><atprecis Sync="TRUE">0</atprecis><attscale Sync="TRUE">0</attscale></attr><attr><attrlabl Sync="TRUE">RSTO</attrlabl><attalias Sync="TRUE">RSTO</attalias><attrtype Sync="TRUE">String</attrtype><attwidth Sync="TRUE">1</attwidth><atprecis Sync="TRUE">0</atprecis><attscale Sync="TRUE">0</attscale></attr><attr><attrlabl Sync="TRUE">SAVS</attrlabl><attalias Sync="TRUE">SAVS</attalias><attrtype Sync="TRUE">String</attrtype><attwidth Sync="TRUE">1</attwidth><atprecis Sync="TRUE">0</atprecis><attscale Sync="TRUE">0</attscale></attr><attr><attrlabl Sync="TRUE">SCTA</attrlabl><attalias Sync="TRUE">SCTA</attalias><attrtype Sync="TRUE">String</attrtype><attwidth Sync="TRUE">1</attwidth><atprecis Sync="TRUE">0</atprecis><attscale Sync="TRUE">0</attscale></attr><attr><attrlabl Sync="TRUE">SESP</attrlabl><attalias Sync="TRUE">SESP</attalias><attrtype Sync="TRUE">String</attrtype><attwidth Sync="TRUE">1</attwidth><atprecis Sync="TRUE">0</atprecis><attscale Sync="TRUE">0</attscale></attr><attr><attrlabl Sync="TRUE">SSHA</attrlabl><attalias Sync="TRUE">SSHA</attalias><attrtype Sync="TRUE">String</attrtype><attwidth Sync="TRUE">1</attwidth><atprecis Sync="TRUE">0</atprecis><attscale Sync="TRUE">0</attscale></attr><attr><attrlabl Sync="TRUE">STSP</attrlabl><attalias Sync="TRUE">STSP</attalias><attrtype Sync="TRUE">String</attrtype><attwidth Sync="TRUE">1</attwidth><atprecis Sync="TRUE">0</atprecis><attscale Sync="TRUE">0</attscale></attr><attr><attrlabl Sync="TRUE">SNEG</attrlabl><attalias Sync="TRUE">SNEG</attalias><attrtype Sync="TRUE">String</attrtype><attwidth Sync="TRUE">1</attwidth><atprecis Sync="TRUE">0</atprecis><attscale Sync="TRUE">0</attscale></attr><attr><attrlabl Sync="TRUE">SOVI</attrlabl><attalias Sync="TRUE">SOVI</attalias><attrtype Sync="TRUE">String</attrtype><attwidth Sync="TRUE">1</attwidth><atprecis Sync="TRUE">0</atprecis><attscale Sync="TRUE">0</attscale></attr><attr><attrlabl Sync="TRUE">SOSP</attrlabl><attalias Sync="TRUE">SOSP</attalias><attrtype Sync="TRUE">String</attrtype><attwidth Sync="TRUE">1</attwidth><atprecis Sync="TRUE">0</atprecis><attscale Sync="TRUE">0</attscale></attr><attr><attrlabl Sync="TRUE">SORA</attrlabl><attalias Sync="TRUE">SORA</attalias><attrtype Sync="TRUE">String</attrtype><attwidth Sync="TRUE">1</attwidth><atprecis Sync="TRUE">0</atprecis><attscale Sync="TRUE">0</attscale></attr><attr><attrlabl Sync="TRUE">SPSA</attrlabl><attalias Sync="TRUE">SPSA</attalias><attrtype Sync="TRUE">String</attrtype><attwidth Sync="TRUE">1</attwidth><atprecis Sync="TRUE">0</atprecis><attscale Sync="TRUE">0</attscale></attr><attr><attrlabl Sync="TRUE">SWSP</attrlabl><attalias Sync="TRUE">SWSP</attalias><attrtype Sync="TRUE">String</attrtype><attwidth Sync="TRUE">1</attwidth><atprecis Sync="TRUE">0</atprecis><attscale Sync="TRUE">0</attscale></attr><attr><attrlabl Sync="TRUE">TRES</attrlabl><attalias Sync="TRUE">TRES</attalias><attrtype Sync="TRUE">String</attrtype><attwidth Sync="TRUE">1</attwidth><atprecis Sync="TRUE">0</atprecis><attscale Sync="TRUE">0</attscale></attr><attr><attrlabl Sync="TRUE">TUVU</attrlabl><attalias Sync="TRUE">TUVU</attalias><attrtype Sync="TRUE">String</attrtype><attwidth Sync="TRUE">1</attwidth><atprecis Sync="TRUE">0</atprecis><attscale Sync="TRUE">0</attscale></attr><attr><attrlabl Sync="TRUE">UDEJ</attrlabl><attalias Sync="TRUE">UDEJ</attalias><attrtype Sync="TRUE">String</attrtype><attwidth Sync="TRUE">1</attwidth><atprecis Sync="TRUE">0</atprecis><attscale Sync="TRUE">0</attscale></attr><attr><attrlabl Sync="TRUE">UPSA</attrlabl><attalias Sync="TRUE">UPSA</attalias><attrtype Sync="TRUE">String</attrtype><attwidth Sync="TRUE">1</attwidth><atprecis Sync="TRUE">0</atprecis><attscale Sync="TRUE">0</attscale></attr><attr><attrlabl Sync="TRUE">VEER</attrlabl><attalias Sync="TRUE">VEER</attalias><attrtype Sync="TRUE">String</attrtype><attwidth Sync="TRUE">1</attwidth><atprecis Sync="TRUE">0</atprecis><attscale Sync="TRUE">0</attscale></attr><attr><attrlabl Sync="TRUE">VESP</attrlabl><attalias Sync="TRUE">VESP</attalias><attrtype Sync="TRUE">String</attrtype><attwidth Sync="TRUE">1</attwidth><atprecis Sync="TRUE">0</atprecis><attscale Sync="TRUE">0</attscale></attr><attr><attrlabl Sync="TRUE">VIRA</attrlabl><attalias Sync="TRUE">VIRA</attalias><attrtype Sync="TRUE">String</attrtype><attwidth Sync="TRUE">1</attwidth><atprecis Sync="TRUE">0</atprecis><attscale Sync="TRUE">0</attscale></attr><attr><attrlabl Sync="TRUE">WAVI</attrlabl><attalias Sync="TRUE">WAVI</attalias><attrtype Sync="TRUE">String</attrtype><attwidth Sync="TRUE">1</attwidth><atprecis Sync="TRUE">0</atprecis><attscale Sync="TRUE">0</attscale></attr><attr><attrlabl Sync="TRUE">WPWI</attrlabl><attalias Sync="TRUE">WPWI</attalias><attrtype Sync="TRUE">String</attrtype><attwidth Sync="TRUE">1</attwidth><atprecis Sync="TRUE">0</atprecis><attscale Sync="TRUE">0</attscale></attr><attr><attrlabl Sync="TRUE">WBNU</attrlabl><attalias Sync="TRUE">WBNU</attalias><attrtype Sync="TRUE">String</attrtype><attwidth Sync="TRUE">1</attwidth><atprecis Sync="TRUE">0</atprecis><attscale Sync="TRUE">0</attscale></attr><attr><attrlabl Sync="TRUE">WEVI</attrlabl><attalias Sync="TRUE">WEVI</attalias><attrtype Sync="TRUE">String</attrtype><attwidth Sync="TRUE">1</attwidth><atprecis Sync="TRUE">0</atprecis><attscale Sync="TRUE">0</attscale></attr><attr><attrlabl Sync="TRUE">WTSP</attrlabl><attalias Sync="TRUE">WTSP</attalias><attrtype Sync="TRUE">String</attrtype><attwidth Sync="TRUE">1</attwidth><atprecis Sync="TRUE">0</atprecis><attscale Sync="TRUE">0</attscale></attr><attr><attrlabl Sync="TRUE">WITU</attrlabl><attalias Sync="TRUE">WITU</attalias><attrtype Sync="TRUE">String</attrtype><attwidth Sync="TRUE">1</attwidth><atprecis Sync="TRUE">0</atprecis><attscale Sync="TRUE">0</attscale></attr><attr><attrlabl Sync="TRUE">WILL</attrlabl><attalias Sync="TRUE">WILL</attalias><attrtype Sync="TRUE">String</attrtype><attwidth Sync="TRUE">1</attwidth><atprecis Sync="TRUE">0</atprecis><attscale Sync="TRUE">0</attscale></attr><attr><attrlabl Sync="TRUE">WIFL</attrlabl><attalias Sync="TRUE">WIFL</attalias><attrtype Sync="TRUE">String</attrtype><attwidth Sync="TRUE">1</attwidth><atprecis Sync="TRUE">0</atprecis><attscale Sync="TRUE">0</attscale></attr><attr><attrlabl Sync="TRUE">WIWR</attrlabl><attalias Sync="TRUE">WIWR</attalias><attrtype Sync="TRUE">String</attrtype><attwidth Sync="TRUE">1</attwidth><atprecis Sync="TRUE">0</atprecis><attscale Sync="TRUE">0</attscale></attr><attr><attrlabl Sync="TRUE">WODU</attrlabl><attalias Sync="TRUE">WODU</attalias><attrtype Sync="TRUE">String</attrtype><attwidth Sync="TRUE">1</attwidth><atprecis Sync="TRUE">0</atprecis><attscale Sync="TRUE">0</attscale></attr><attr><attrlabl Sync="TRUE">WOTH</attrlabl><attalias Sync="TRUE">WOTH</attalias><attrtype Sync="TRUE">String</attrtype><attwidth Sync="TRUE">1</attwidth><atprecis Sync="TRUE">0</atprecis><attscale Sync="TRUE">0</attscale></attr><attr><attrlabl Sync="TRUE">WEWA</attrlabl><attalias Sync="TRUE">WEWA</attalias><attrtype Sync="TRUE">String</attrtype><attwidth Sync="TRUE">1</attwidth><atprecis Sync="TRUE">0</atprecis><attscale Sync="TRUE">0</attscale></attr><attr><attrlabl Sync="TRUE">YWAR</attrlabl><attalias Sync="TRUE">YWAR</attalias><attrtype Sync="TRUE">String</attrtype><attwidth Sync="TRUE">1</attwidth><atprecis Sync="TRUE">0</atprecis><attscale Sync="TRUE">0</attscale></attr><attr><attrlabl Sync="TRUE">YBCU</attrlabl><attalias Sync="TRUE">YBCU</attalias><attrtype Sync="TRUE">String</attrtype><attwidth Sync="TRUE">1</attwidth><atprecis Sync="TRUE">0</atprecis><attscale Sync="TRUE">0</attscale></attr><attr><attrlabl Sync="TRUE">YBCH</attrlabl><attalias Sync="TRUE">YBCH</attalias><attrtype Sync="TRUE">String</attrtype><attwidth Sync="TRUE">1</attwidth><atprecis Sync="TRUE">0</atprecis><attscale Sync="TRUE">0</attscale></attr><attr><attrlabl Sync="TRUE">YRWA</attrlabl><attalias Sync="TRUE">YRWA</attalias><attrtype Sync="TRUE">String</attrtype><attwidth Sync="TRUE">1</attwidth><atprecis Sync="TRUE">0</atprecis><attscale Sync="TRUE">0</attscale></attr><attr><attrlabl Sync="TRUE">YSFL</attrlabl><attalias Sync="TRUE">YSFL</attalias><attrtype Sync="TRUE">String</attrtype><attwidth Sync="TRUE">1</attwidth><atprecis Sync="TRUE">0</atprecis><attscale Sync="TRUE">0</attscale></attr><attr><attrlabl Sync="TRUE">YTVI</attrlabl><attalias Sync="TRUE">YTVI</attalias><attrtype Sync="TRUE">String</attrtype><attwidth Sync="TRUE">1</attwidth><atprecis Sync="TRUE">0</atprecis><attscale Sync="TRUE">0</attscale></attr><attr><attrlabl Sync="TRUE">YCNH</attrlabl><attalias Sync="TRUE">YCNH</attalias><attrtype Sync="TRUE">String</attrtype><attwidth Sync="TRUE">1</attwidth><atprecis Sync="TRUE">0</atprecis><attscale Sync="TRUE">0</attscale></attr><attr><attrlabl Sync="TRUE">BTBW</attrlabl><attalias Sync="TRUE">BTBW</attalias><attrtype Sync="TRUE">String</attrtype><attwidth Sync="TRUE">1</attwidth><atprecis Sync="TRUE">0</atprecis><attscale Sync="TRUE">0</attscale></attr><attr><attrlabl Sync="TRUE">PROW</attrlabl><attalias Sync="TRUE">PROW</attalias><attrtype Sync="TRUE">String</attrtype><attwidth Sync="TRUE">1</attwidth><atprecis Sync="TRUE">0</atprecis><attscale Sync="TRUE">0</attscale></attr><attr><attrlabl Sync="TRUE">PBGR</attrlabl><attalias Sync="TRUE">PBGR</attalias><attrtype Sync="TRUE">String</attrtype><attwidth Sync="TRUE">1</attwidth><atprecis Sync="TRUE">0</atprecis><attscale Sync="TRUE">0</attscale></attr><attr><attrlabl Sync="TRUE">TTLC</attrlabl><attalias Sync="TRUE">TTLC</attalias><attrtype Sync="TRUE">SmallInteger</attrtype><attwidth Sync="TRUE">2</attwidth><atprecis Sync="TRUE">0</atprecis><attscale Sync="TRUE">0</attscale></attr><attr><attrlabl Sync="TRUE">TTLR</attrlabl><attalias Sync="TRUE">TTLR</attalias><attrtype Sync="TRUE">SmallInteger</attrtype><attwidth Sync="TRUE">2</attwidth><atprecis Sync="TRUE">0</atprecis><attscale Sync="TRUE">0</attscale></attr><attr><attrlabl Sync="TRUE">TTLP</attrlabl><attalias Sync="TRUE">TTLP</attalias><attrtype Sync="TRUE">SmallInteger</attrtype><attwidth Sync="TRUE">2</attwidth><atprecis Sync="TRUE">0</atprecis><attscale Sync="TRUE">0</attscale></attr><attr><attrlabl Sync="TRUE">TOTSPP</attrlabl><attalias Sync="TRUE">TOTSPP</attalias><attrtype Sync="TRUE">SmallInteger</attrtype><attwidth Sync="TRUE">2</attwidth><atprecis Sync="TRUE">0</atprecis><attscale Sync="TRUE">0</attscale></attr></detailed></eainfo><mdDateSt Sync="TRUE">20210315</mdDateSt></metadata>
